{"cameraMode":{"drawMode":0,"name":"Shaded","section":"Shading Mode"},"sceneLighting":false,"audioPlay":false,"sceneViewState":{"m_AlwaysRefresh":false,"showFog":true,"showSkybox":false,"showFlares":true,"showImageEffects":true,"showParticleSystems":true,"showVisualEffectGraphs":true,"m_FxEnabled":true},"in2DMode":false,"pivot":{"x":-0.006430000066757202,"y":0.0024500000290572645,"z":0.0074900006875395779},"rotation":{"x":-0.3045911490917206,"y":0.3543602228164673,"z":-0.1232820525765419,"w":-0.8754919171333313},"size":0.0015660254284739495,"orthographic":false}