{"cameraMode":{"drawMode":0,"name":"Shaded","section":"Shading Mode"},"sceneLighting":false,"audioPlay":false,"sceneViewState":{"m_AlwaysRefresh":false,"showFog":true,"showSkybox":false,"showFlares":true,"showImageEffects":true,"showParticleSystems":true,"showVisualEffectGraphs":true,"m_FxEnabled":true},"in2DMode":false,"pivot":{"x":-0.1255282759666443,"y":0.43061256408691409,"z":-0.09746809303760529},"rotation":{"x":-0.0654134452342987,"y":0.42356914281845095,"z":-0.030672727152705194,"w":-0.9029955267906189},"size":0.34875422716140749,"orthographic":false}